"Participant","CFS.aligned","CFS.misaligned","monocular.aligned","monocular.misaligned","CatchOnly.aligned","CatchOnly.misaligned"
"1205",3703.30703919831,3172.67719458517,2373.62682857148,1822.29452966825,2098.00909317467,2398.17212707628
"1206",4623.96118637491,3219.15875299601,3892.19310958879,2155.38947919458,2292.24105764241,1213.68493354567
"1207",3820.38648658083,2512.12100475778,3386.02248951748,7478.53795897288,1892.02328672673,2011.48670846117
"1208",NA,2087.92589424275,NA,3758.01118488244,808.583760633545,1051.36008889076
