"Participant","Count","CFS.congruent.aligned","CFS.congruent.misaligned","CFS.incongruent.aligned","CFS.incongruent.misaligned","monocular.congruent.aligned","monocular.congruent.misaligned","monocular.incongruent.aligned","monocular.incongruent.misaligned"
"1205",40,2.31798495503839,2.08493867144949,2.03696659190507,2.57944291802495,1.77621052464639,1.97102268056727,2.12317279911752,2.31798495503839
"1206",40,2.92640519249607,2.43190094592061,2.31798495503839,2.68128701644526,2.27860334850443,2.03017409335904,2.14908241081285,2.34528445094762
"1207",40,1.87931169158708,2.1867827698698,1.80595207825264,2.57944291802495,2.79520300732748,2.03696659190507,0.707109293305679,1.82483913057209
"1208",40,3.52295429314955,3.24151555008465,4.48280545520989,3.6809341985434,3.6809341985434,3.27783611709874,2.03696659190507,3.52295429314955
